{"train_accuracies": [79.27083333333333, 88.64583333333333, 91.84027777777777, 93.359375, 94.1875, 94.91319444444444, 95.38690476190476, 95.80729166666667, 96.07638888888889, 96.35416666666667, 96.5340909090909], "valid_accuracies": [97.76666666666667, 98.18333333333334, 98.26666666666667, 98.225, 98.325, 98.3, 98.33333333333333, 98.43333333333334, 98.19166666666666, 98.38333333333334, 98.35833333333333]}